{"noiseKey":{"private":{"type":"Buffer","data":"QL+/nIeiEd3xZYwPlpIqmY9QoQ7vSNafDN/uucia90E="},"public":{"type":"Buffer","data":"gF2QqjUo1xfMiHEwiDthXGnV7Trg+o8MmKE0/0MvQH4="}},"pairingEphemeralKeyPair":{"private":{"type":"Buffer","data":"QBsXXH7fb27iO4lM1YK6LJ1OmtQYwrQrOXto0DtbS1o="},"public":{"type":"Buffer","data":"iPoGSkQe4fGe8pbPgnTF6Oct2vL0u8O17ZgB8fw+0Bo="}},"signedIdentityKey":{"private":{"type":"Buffer","data":"OKUzyZujgPSMFfZ0XWIDEQiSSgK2FKrB/0Ns7FwZb0U="},"public":{"type":"Buffer","data":"s4qzVnswyQhN9S+4Epm8unn4xi6474Eex7d4GSHe1Uc="}},"signedPreKey":{"keyPair":{"private":{"type":"Buffer","data":"SEYZebHtV0ScEB9h8e4OF0My6ECLtfhRys0+SwENh0w="},"public":{"type":"Buffer","data":"v7zy9dxJddBuG/Pf6BviJalvJ8xJOakWkhFf9hw8KEg="}},"signature":{"type":"Buffer","data":"Z0k+ObdmM8Ju5u2Wp/4iIfQ3Q/GdQnYHRzi23/+LxStsqNG0Ss/hmAUzLlnlT3JeETvHPNOJOqIeLSoYV5JsgQ=="},"keyId":1},"registrationId":94,"advSecretKey":"r8wHPL84mDZRrrSQj9xIhKfavXw+J7CzJDwayFKhX/0=","processedHistoryMessages":[{"key":{"remoteJid":"639617932247@s.whatsapp.net","fromMe":true,"id":"DBBF3D178CA50ED82E929C9057CD4400"},"messageTimestamp":1734976136},{"key":{"remoteJid":"639617932247@s.whatsapp.net","fromMe":true,"id":"557D58032EFC1B52B9AEA39A136BC8EE"},"messageTimestamp":1734976137},{"key":{"remoteJid":"639617932247@s.whatsapp.net","fromMe":true,"id":"B3F4DF9E9E728378E4F948098904A576"},"messageTimestamp":1734976144},{"key":{"remoteJid":"639617932247@s.whatsapp.net","fromMe":true,"id":"1A6611426DD9BD149B6A35838CF71435"},"messageTimestamp":1734976145}],"nextPreKeyId":31,"firstUnuploadedPreKeyId":31,"accountSyncCounter":1,"accountSettings":{"unarchiveChats":false},"deviceId":"fdrQxwu-To62r9T0NgedFw","phoneId":"140b5582-d9c0-451a-bd98-e2fdaf51964b","identityId":{"type":"Buffer","data":"B8ljfwQfR3NQSSDjL/c4/jiPhFs="},"registered":true,"backupToken":{"type":"Buffer","data":"kUIT+huW7hpms1okCOTSYLM++N0="},"registration":{},"pairingCode":"KKVDTZ8V","me":{"id":"639617932247:6@s.whatsapp.net","jid":"639617932247@s.whatsapp.net","lid":"250684976955481:6@lid","name":"Ichika Kitagawa"},"account":{"details":"CKjmzo0BEIHFprsGGAIgACgA","accountSignatureKey":"U3MlK+X60nHnBgNxqXBVqZNsctdNcWYjTCdVNCaE1xs=","accountSignature":"qFip/UBrAS5WU/FZWLtJNCh85sODoLmHF61rbHRlUNAAZcYf0hJw9S6JNSEaJcZXpiWW2mqWr1WSUFbF4vcvCA==","deviceSignature":"63ac5tabuNzEiswsJ3NcpAIEnQeyDaxnPG0iyBF6qjwBftCtgSJrfiSJnAhhdcKD2L3IuLL+6onCKiE8MlGGjQ=="},"signalIdentities":[{"identifier":{"name":"639617932247:6@s.whatsapp.net","deviceId":0},"identifierKey":{"type":"Buffer","data":"BVNzJSvl+tJx5wYDcalwVamTbHLXTXFmI0wnVTQmhNcb"}}],"platform":"android","routingInfo":{"type":"Buffer","data":"CA0ICA=="},"lastAccountSyncTimestamp":1734976132,"lastPropHash":"D7QFQ","myAppStateKeyId":"AAAAABL3"}